{
    "name": "BELLA_RGB_ISO",
    "vendorId": "0x4B42",
    "productId": "0x0009",
    "lighting": {
        "extends": "none",
        "keycodes": "qmk"
    },
    "matrix": {
      "rows": 6,
      "cols": 16
    },
    "layouts": {
      "keymap": [
        [
          {
            "c": "#777777"
          },
          "0,0",
          {
            "c": "#cccccc",
			"x": 1
          },
          "0,2",
          "0,3",
          "0,4",
          "0,5",		  
          {
            "c": "#aaaaaa",
			"x": 0.5			
          },		  
          "0,6",
          "0,7",
          "0,8",
          "0,9",
          {
            "c": "#cccccc",
			"x": 0.5
          },		  
          "0,11",
          "0,12",
          "0,13",
          "0,14",		  
          {
            "c": "#aaaaaa",
			"x": 0.25
          },
          "0,15"
        ],
        [
          {
		    "y": 0.25,
            "c": "#cccccc"
          },
          "1,0",
          "1,1",
          "1,2",
          "1,3",
          "1,4",
          "1,5",
          "1,6",
          "1,7",
          "1,8",
          "1,9",
          "1,10",
          "1,11",
          "1,12",
          {
            "w": 2
          },
          "1,14",
          {
            "c": "#aaaaaa",
			"x": 0.25
          },
          "1,15"		  
        ],
        [
          {
            "c": "#aaaaaa",
            "w": 1.5
          },
          "2,0",
          {
            "c": "#cccccc"
          },
          "2,1",
          "2,2",
          "2,3",
          "2,4",
          "2,5",
          "2,6",
          "2,7",
          "2,8",
          "2,9",
          "2,10",
          "2,11",
          "2,12",
        {
          "x": 1.25,
          "c": "#777777",
          "w": 1.25,
          "h": 2,
          "w2": 1.5,
          "h2": 1,
          "x2": -0.25
        },
          "2,13",
          {
            "c": "#aaaaaa",
			"x": 0.25
          },
          "2,15"		  
        ],
        [
          {
            "c": "#aaaaaa",
            "w": 1.75
          },
          "3,0",
          {
            "c": "#cccccc"
          },
          "3,1",
          "3,2",
          "3,3",
          "3,4",
          "3,5",
          "3,6",
          "3,7",
          "3,8",
          "3,9",
          "3,10",
		  "3,11",
          "3,13",
          {
            "c": "#aaaaaa",
			"x": 1.5
          },
          "3,15"
        ],
        [
          {
            "c": "#aaaaaa",
            "w": 1.25
          },
          "4,0",
          {
            "c": "#cccccc"
          },
		  "4,1",
          "4,2",
          "4,3",
          "4,4",
          "4,5",
          "4,6",
          "4,7",
          "4,8",
          "4,9",
          "4,10",
		  "4,11",
          {
            "c": "#aaaaaa",
            "w": 1.75
          },
		  "4,12"
        ],
        [
		  {
		    "y": -0.75,
			"x": 14.25,
			"c": "#cccccc"
		  },
		  "4,14"
		],
        [
		  {
		    "y": -0.25,
			"c": "#aaaaaa",
			"w": 1.25
		  },
		  "5,0",
		  {
			"w": 1.25
		  },
		  "5,1", 
		  {
			"w": 1.25
		  },
		  "5,2",
		  {
			"w": 6.25
		  },
		  "5,6", 
		  {
			"w": 1.5
		  },
		  "5,10", 
		  {
			"w": 1.5
		  },
		  "5,11"
		],		
        [
		  {
		    "y": -0.75,
			"x": 13.25,
			"c": "#cccccc"
		  },
		  "5,12",
		  "5,14",
		  "5,15"
		]	
      ]
    }
  }
