{
    "name": "DZ65RGB V2",
    "vendorId": "0x445A",
    "productId": "0x1421",
    "lighting": {
        "extends": "none",
        "keycodes": "qmk"
    },
    "matrix": {
      "rows": 5,
      "cols": 15
    },
    "layouts": {
      "keymap": [
        [
          {
            "c": "#777777"
          },
          "0,0",
          {
            "c": "#cccccc"
          },
          "0,1",
          "0,2",
          "0,3",
          "0,4",
          "0,5",
          "0,6",
          "0,7",
          "0,8",
          "0,9",
          "0,10",
          "0,11",
          "0,12",
          {
            "c": "#aaaaaa",
            "w": 2
          },
          "0,13",
          {
            "c": "#cccccc"
          },
	  "0,14"
        ],
        [
          {
            "w": 1.5
          },
          "1,0",
          {
            "c": "#cccccc"
          },
          "1,1",
          "1,2",
          "1,3",
          "1,4",
          "1,5",
          "1,6",
          "1,7",
          "1,8",
          "1,9",
          "1,10",
          "1,11",
          "1,12",
          {
            "w": 1.5
          },
          "1,13",
	  "1,14"
        ],
        [
          {
            "w": 1.75
          },
          "2,0",
          {
            "c": "#cccccc"
          },
          "2,1",
          "2,2",
          "2,3",
          "2,4",
          "2,5",
          "2,6",
          "2,7",
          "2,8",
          "2,9",
          "2,10",
          "2,11",
          {
            "c": "#aaaaaa",
            "w": 2.25
          },
          "2,13",
          {
            "c": "#cccccc"
          },
	  "2,14"
        ],
        [
          {
            "c": "#aaaaaa",
            "w": 2.25
          },
          "3,0",
          {
            "c": "#cccccc"
          },
	  "3,1",
          "3,2",
          "3,3",
          "3,4",
          "3,5",
          "3,6",
          "3,7",
          "3,8",
          "3,9",
          "3,10",
          {
            "c": "#aaaaaa",
            "w": 1.75
          },
	  "3,11",
          {
            "c": "#cccccc"
          },
          "3,13",
          "3,14"
        ],
        [
          {
            "c": "#aaaaaa",
            "w": 1.25
          },
          "4,0",
          {
            "w": 1.25
          },
          "4,1",
          {
            "w": 1.25
          },
          "4,2",
          {
            "c": "#cccccc",
            "w": 6.25
          },
          "4,5",
          {
            "c": "#aaaaaa"
          },
	  "4,8",
          "4,9",
          "4,10",
          {
            "c": "#cccccc"
          },
          "4,11",
          "4,13",
          "4,14"
        ]
      ]
    }
  }